customer_id,idade,genero,plano,meses_ativo,tem_servico_adicional,faturamento_mensal,churn
1,56,Masculino,Intermediario,25,0,496.1,0
2,69,Masculino,Basico,2,1,295.02,1
3,46,Feminino,Intermediario,25,0,483.25,1
4,32,Masculino,Basico,54,0,84.02,0
5,60,Masculino,Intermediario,33,0,214.56,1
6,25,Feminino,Premium,36,1,151.42,1
7,78,Masculino,Intermediario,31,0,138.12,1
8,38,Masculino,Intermediario,14,1,113.36,0
9,56,Masculino,Basico,1,0,330.09,0
10,75,Masculino,Premium,46,1,401.59,0
11,36,Masculino,Intermediario,16,1,310.23,0
12,40,Feminino,Premium,54,1,116.13,0
13,28,Masculino,Intermediario,46,0,415.01,0
14,28,Masculino,Intermediario,52,0,336.18,1
15,41,Masculino,Premium,3,1,224.67,1
16,70,Masculino,Intermediario,35,1,353.36,1
17,53,Masculino,Premium,41,1,166.96,0
18,57,Feminino,Intermediario,6,0,205.34,0
19,41,Masculino,Basico,25,0,462.87,0
20,20,Feminino,Premium,13,0,180.73,0
21,39,Feminino,Intermediario,53,0,261.49,0
22,70,Masculino,Intermediario,34,1,450.56,0
23,19,Masculino,Basico,8,1,368.47,0
24,41,Masculino,Premium,21,0,77.99,1
25,61,Masculino,Intermediario,34,0,116.29,0
26,47,Feminino,Basico,4,1,53.53,0
27,55,Masculino,Intermediario,25,0,333.91,0
28,19,Masculino,Premium,15,0,251.45,0
29,77,Masculino,Intermediario,4,0,110.42,0
30,38,Masculino,Intermediario,45,0,481.07,0
31,50,Masculino,Intermediario,12,0,288.35,0
32,29,Masculino,Intermediario,32,0,158.85,0
33,75,Feminino,Basico,32,1,275.27,0
34,39,Feminino,Basico,28,0,355.83,0
35,78,Masculino,Premium,13,0,84.31,0
36,61,Masculino,Basico,31,1,173.62,1
37,42,Masculino,Basico,14,1,413.13,0
38,66,Feminino,Premium,20,1,256.85,0
39,44,Masculino,Basico,18,0,295.96,0
40,76,Feminino,Basico,29,1,244.77,1
41,59,Masculino,Premium,6,0,69.75,1
42,45,Masculino,Premium,32,0,124.59,0
43,77,Masculino,Premium,29,0,250.49,0
44,33,Masculino,Intermediario,43,1,144.13,1
45,32,Feminino,Intermediario,2,1,72.49,0
46,79,Feminino,Premium,23,1,429.64,0
47,79,Masculino,Premium,19,1,491.54,0
48,64,Masculino,Premium,31,1,406.91,1
49,79,Feminino,Intermediario,51,0,434.2,1
50,68,Feminino,Intermediario,5,0,158.89,0
51,61,Feminino,Basico,19,0,482.28,0
52,72,Feminino,Basico,34,0,138.62,0
53,69,Masculino,Premium,10,1,478.14,0
54,74,Feminino,Intermediario,25,1,497.67,1
55,20,Masculino,Intermediario,2,0,370.28,0
56,54,Feminino,Intermediario,11,1,491.51,0
57,68,Feminino,Premium,50,1,306.29,0
58,24,Feminino,Basico,31,0,166.79,0
59,38,Feminino,Premium,56,0,246.65,0
60,26,Feminino,Basico,15,1,317.1,0
61,56,Masculino,Basico,9,1,82.89,0
62,35,Masculino,Premium,23,0,330.05,0
63,21,Feminino,Basico,19,0,491.53,0
64,42,Feminino,Basico,9,0,135.55,0
65,77,Masculino,Intermediario,35,1,406.67,0
66,31,Feminino,Basico,21,0,458.55,1
67,67,Feminino,Premium,9,0,474.67,1
68,75,Masculino,Premium,28,1,482.06,1
69,26,Feminino,Basico,46,1,284.66,0
70,43,Feminino,Intermediario,51,1,489.79,1
71,70,Masculino,Intermediario,7,1,390.79,0
72,19,Masculino,Basico,16,1,122.75,0
73,37,Masculino,Basico,16,0,264.61,0
74,45,Feminino,Premium,33,0,373.25,0
75,64,Masculino,Basico,4,1,161.3,0
76,77,Masculino,Intermediario,4,1,338.28,0
77,24,Masculino,Basico,39,1,349.97,0
78,61,Masculino,Premium,40,1,123.21,0
79,78,Masculino,Premium,17,1,304.29,0
80,25,Masculino,Premium,37,0,397.23,0
81,64,Feminino,Premium,39,0,274.5,0
82,52,Feminino,Premium,52,0,55.45,1
83,31,Masculino,Basico,29,0,54.07,1
84,34,Masculino,Basico,52,1,210.66,0
85,53,Masculino,Basico,36,0,466.79,0
86,67,Feminino,Basico,38,1,152.9,0
87,57,Feminino,Premium,39,1,335.46,1
88,21,Feminino,Intermediario,50,1,149.93,0
89,19,Feminino,Basico,37,0,194.75,0
90,79,Feminino,Intermediario,52,1,431.62,0
91,23,Feminino,Basico,35,0,377.99,0
92,71,Feminino,Basico,7,0,92.93,0
93,59,Feminino,Intermediario,27,1,242.92,1
94,21,Feminino,Premium,28,1,63.13,0
95,71,Masculino,Basico,22,1,266.4,0
96,46,Masculino,Basico,14,0,348.1,1
97,35,Masculino,Basico,7,1,103.33,1
98,43,Masculino,Intermediario,37,0,180.0,0
99,61,Feminino,Premium,22,1,229.03,0
100,51,Feminino,Intermediario,5,1,463.79,0
101,27,Masculino,Intermediario,55,0,496.96,1
102,79,Feminino,Premium,2,0,70.21,0
103,53,Masculino,Intermediario,27,0,392.45,1
104,31,Feminino,Premium,21,0,217.28,0
105,48,Masculino,Basico,54,0,226.61,0
106,65,Feminino,Premium,38,0,389.42,0
107,32,Feminino,Basico,15,1,463.29,0
108,25,Masculino,Intermediario,21,1,477.92,0
109,31,Feminino,Intermediario,10,0,309.71,0
110,40,Masculino,Basico,23,1,210.7,0
111,77,Masculino,Intermediario,58,0,404.4,1
112,74,Masculino,Premium,56,1,162.95,0
113,79,Masculino,Basico,39,1,303.83,0
114,57,Feminino,Intermediario,5,0,211.36,0
115,38,Feminino,Basico,1,0,345.48,0
116,33,Feminino,Premium,13,0,158.18,0
117,62,Masculino,Premium,21,1,136.22,0
118,35,Feminino,Intermediario,26,0,463.21,1
119,64,Masculino,Premium,50,1,95.81,0
120,70,Feminino,Basico,45,0,277.68,0
121,41,Feminino,Premium,21,1,149.38,0
122,43,Feminino,Basico,53,1,67.52,0
123,42,Masculino,Basico,18,0,66.21,0
124,77,Feminino,Premium,37,1,128.85,1
125,77,Feminino,Intermediario,45,1,440.05,1
126,77,Masculino,Premium,32,0,177.12,0
127,62,Feminino,Basico,36,1,477.71,0
128,58,Masculino,Basico,17,0,311.73,0
129,46,Feminino,Premium,35,0,246.48,0
130,32,Masculino,Intermediario,49,0,311.04,0
131,62,Masculino,Intermediario,11,0,282.51,0
132,18,Feminino,Basico,21,1,391.45,0
133,42,Masculino,Basico,52,1,177.12,0
134,24,Masculino,Intermediario,55,1,208.87,0
135,26,Masculino,Premium,53,0,452.34,0
136,41,Masculino,Basico,26,1,475.91,0
137,18,Masculino,Basico,4,1,451.65,0
138,61,Masculino,Intermediario,34,0,238.75,1
139,25,Feminino,Premium,52,0,401.16,0
140,41,Masculino,Intermediario,48,1,264.35,0
141,28,Masculino,Premium,18,0,273.89,0
142,68,Feminino,Premium,40,0,142.11,1
143,34,Feminino,Premium,35,0,316.01,0
144,25,Feminino,Basico,41,0,133.76,0
145,52,Feminino,Intermediario,29,1,199.2,0
146,52,Feminino,Intermediario,52,0,434.76,0
147,50,Feminino,Premium,29,0,143.18,1
148,76,Feminino,Basico,38,0,82.02,0
149,22,Masculino,Basico,42,0,81.05,1
150,59,Masculino,Intermediario,21,0,473.35,1
151,56,Feminino,Basico,42,0,278.11,1
152,75,Masculino,Basico,13,0,234.24,0
153,58,Masculino,Premium,49,0,414.9,0
154,45,Masculino,Basico,41,1,426.12,0
155,24,Feminino,Premium,17,0,199.49,1
156,26,Feminino,Intermediario,56,1,362.13,0
157,25,Masculino,Basico,9,0,397.01,0
158,29,Feminino,Intermediario,41,0,344.59,0
159,51,Masculino,Intermediario,1,0,118.22,0
160,50,Masculino,Basico,2,0,444.15,1
161,65,Masculino,Basico,48,1,292.59,0
162,72,Masculino,Intermediario,29,0,177.11,1
163,40,Feminino,Basico,33,0,241.35,0
164,79,Feminino,Premium,10,1,66.91,1
165,41,Feminino,Premium,50,1,107.54,0
166,54,Masculino,Basico,58,0,394.5,0
167,52,Feminino,Intermediario,40,1,50.01,1
168,61,Masculino,Basico,21,1,237.45,0
169,57,Feminino,Basico,28,1,285.13,1
170,39,Masculino,Intermediario,11,0,74.59,0
171,44,Masculino,Intermediario,55,0,487.89,0
172,52,Masculino,Premium,34,0,151.76,0
173,18,Feminino,Intermediario,8,1,186.89,0
174,52,Feminino,Premium,59,0,186.77,0
175,54,Feminino,Intermediario,22,1,153.69,0
176,64,Feminino,Basico,8,0,50.66,0
177,31,Masculino,Premium,49,0,378.21,0
178,20,Feminino,Premium,15,1,485.08,1
179,18,Feminino,Premium,17,0,150.93,1
180,22,Masculino,Basico,23,1,348.37,0
181,43,Masculino,Basico,24,1,383.85,0
182,72,Masculino,Basico,45,0,431.79,0
183,31,Feminino,Basico,19,1,240.18,0
184,56,Masculino,Basico,5,0,186.32,1
185,44,Masculino,Premium,32,0,196.38,1
186,26,Masculino,Basico,44,1,370.68,0
187,32,Feminino,Premium,1,0,417.55,1
188,32,Masculino,Basico,23,1,131.73,0
189,43,Feminino,Intermediario,37,0,216.92,1
190,59,Feminino,Premium,8,0,455.87,0
191,77,Masculino,Intermediario,13,0,413.01,0
192,30,Masculino,Premium,8,0,493.19,0
193,68,Feminino,Intermediario,57,0,389.41,0
194,49,Masculino,Basico,23,1,226.94,0
195,56,Masculino,Basico,43,1,315.79,1
196,66,Feminino,Basico,1,1,347.46,0
197,69,Feminino,Premium,45,1,85.31,0
198,78,Masculino,Intermediario,51,1,295.02,0
199,49,Feminino,Basico,24,1,369.19,0
200,21,Masculino,Intermediario,35,0,125.29,0
201,47,Masculino,Intermediario,24,0,401.28,0
202,54,Masculino,Basico,17,1,312.7,0
203,40,Feminino,Basico,5,1,478.5,0
204,56,Masculino,Intermediario,20,0,69.09,0
205,62,Masculino,Basico,21,0,169.4,1
206,32,Masculino,Basico,40,0,320.7,1
207,60,Feminino,Basico,58,1,183.45,0
208,46,Feminino,Premium,31,1,371.49,0
209,53,Feminino,Intermediario,46,1,391.55,0
210,30,Feminino,Intermediario,36,0,96.13,0
211,49,Feminino,Premium,11,0,281.23,0
212,24,Masculino,Intermediario,52,1,279.0,0
213,76,Feminino,Basico,15,1,216.18,0
214,68,Feminino,Intermediario,19,0,469.82,0
215,39,Feminino,Basico,7,0,422.38,0
216,45,Masculino,Premium,51,0,363.74,1
217,19,Feminino,Basico,28,0,371.45,1
218,59,Feminino,Intermediario,51,1,257.77,0
219,62,Masculino,Intermediario,43,0,464.45,0
220,79,Feminino,Intermediario,58,0,362.57,1
221,74,Masculino,Premium,5,0,378.04,1
222,70,Masculino,Premium,5,1,437.76,0
223,23,Masculino,Intermediario,30,1,173.33,0
224,45,Masculino,Basico,54,0,413.18,0
225,45,Masculino,Premium,32,0,137.86,0
226,61,Feminino,Intermediario,8,0,205.4,0
227,61,Masculino,Intermediario,10,1,201.02,0
228,37,Masculino,Premium,38,1,490.34,0
229,47,Feminino,Premium,47,1,435.44,0
230,79,Masculino,Premium,32,0,365.53,1
231,28,Feminino,Basico,48,1,377.18,0
232,75,Feminino,Basico,28,0,302.93,0
233,72,Feminino,Intermediario,17,0,476.19,0
234,45,Masculino,Premium,31,0,273.32,0
235,42,Masculino,Basico,8,1,221.23,1
236,56,Masculino,Premium,40,0,123.37,0
237,79,Feminino,Intermediario,25,1,403.79,0
238,50,Masculino,Basico,9,1,380.5,0
239,18,Masculino,Basico,2,0,222.96,0
240,74,Masculino,Basico,15,0,61.34,1
241,44,Feminino,Intermediario,50,1,427.55,0
242,79,Feminino,Premium,3,0,55.14,0
243,74,Masculino,Basico,49,1,366.66,0
244,69,Masculino,Intermediario,36,0,486.62,0
245,30,Masculino,Premium,4,1,246.95,1
246,58,Masculino,Intermediario,14,1,155.74,1
247,20,Feminino,Premium,41,1,367.19,0
248,56,Feminino,Intermediario,41,1,417.71,0
249,23,Feminino,Premium,25,0,295.89,1
250,25,Feminino,Basico,58,0,485.17,1
251,44,Masculino,Premium,55,1,73.25,0
252,26,Masculino,Intermediario,50,1,277.16,0
253,79,Masculino,Intermediario,10,0,373.3,0
254,54,Feminino,Premium,21,0,438.19,1
255,50,Masculino,Basico,36,0,130.67,0
256,68,Feminino,Basico,12,0,410.0,0
257,59,Feminino,Premium,27,0,298.72,1
258,61,Masculino,Premium,40,0,228.45,0
259,41,Masculino,Intermediario,2,1,109.27,0
260,32,Masculino,Basico,54,0,439.38,0
261,76,Feminino,Premium,13,0,120.77,0
262,71,Masculino,Basico,53,1,189.4,0
263,49,Feminino,Premium,32,0,180.52,0
264,49,Masculino,Premium,31,0,442.14,0
265,41,Feminino,Basico,16,0,352.72,0
266,58,Feminino,Premium,32,0,408.51,1
267,69,Masculino,Premium,32,0,162.71,1
268,66,Feminino,Intermediario,34,1,331.19,0
269,79,Feminino,Premium,11,0,307.29,0
270,66,Masculino,Premium,10,1,424.77,0
271,75,Feminino,Premium,15,1,457.74,0
272,69,Masculino,Intermediario,17,0,55.47,0
273,29,Feminino,Basico,40,1,353.31,0
274,79,Masculino,Intermediario,18,0,73.33,0
275,56,Masculino,Intermediario,55,1,296.99,0
276,19,Feminino,Basico,9,1,179.43,0
277,20,Feminino,Intermediario,25,0,188.05,0
278,66,Feminino,Basico,40,0,208.83,0
279,54,Feminino,Intermediario,59,0,329.58,0
280,66,Feminino,Basico,14,0,200.32,0
281,73,Masculino,Premium,58,0,379.71,1
282,34,Feminino,Intermediario,25,1,232.04,1
283,76,Masculino,Intermediario,50,1,80.76,0
284,66,Masculino,Intermediario,22,1,402.69,0
285,19,Feminino,Intermediario,52,1,178.59,0
286,19,Masculino,Premium,30,1,244.75,0
287,45,Masculino,Intermediario,20,1,358.45,0
288,71,Masculino,Premium,21,1,199.61,1
289,40,Masculino,Premium,44,0,75.46,0
290,54,Feminino,Premium,32,0,218.26,1
291,49,Masculino,Premium,51,1,475.0,0
292,50,Feminino,Basico,46,1,338.78,0
293,18,Feminino,Basico,49,0,352.17,0
294,36,Masculino,Intermediario,56,0,334.53,0
295,79,Feminino,Basico,21,0,139.55,0
296,19,Feminino,Basico,35,0,238.25,0
297,70,Feminino,Intermediario,58,1,387.92,0
298,61,Masculino,Intermediario,32,0,95.62,1
299,43,Feminino,Intermediario,30,1,175.03,0
300,49,Feminino,Basico,55,1,174.34,1
301,23,Feminino,Basico,39,1,244.41,1
302,49,Masculino,Intermediario,49,0,491.17,1
303,72,Feminino,Premium,12,0,80.38,0
304,21,Masculino,Intermediario,41,1,283.42,0
305,72,Masculino,Premium,47,1,130.71,1
306,28,Masculino,Premium,18,1,486.8,0
307,73,Masculino,Intermediario,21,0,100.99,0
308,76,Masculino,Intermediario,13,1,231.62,0
309,34,Masculino,Intermediario,21,0,382.05,0
310,55,Feminino,Basico,8,1,367.05,0
311,41,Masculino,Premium,46,1,240.23,0
312,22,Feminino,Basico,40,1,205.94,0
313,69,Feminino,Basico,46,0,228.93,1
314,51,Masculino,Intermediario,7,0,168.92,0
315,23,Feminino,Basico,23,1,142.4,1
316,39,Feminino,Intermediario,44,0,267.37,0
317,28,Feminino,Premium,32,1,170.84,1
318,65,Feminino,Intermediario,11,0,179.36,0
319,33,Masculino,Basico,22,0,345.54,1
320,50,Feminino,Basico,22,0,485.84,0
321,26,Masculino,Intermediario,43,1,321.64,1
322,77,Feminino,Intermediario,25,0,84.64,0
323,76,Feminino,Basico,22,0,84.01,1
324,23,Masculino,Premium,28,1,478.14,1
325,33,Feminino,Premium,29,1,183.78,0
326,46,Feminino,Intermediario,13,1,91.43,0
327,20,Feminino,Premium,18,1,319.57,1
328,37,Masculino,Basico,2,0,330.64,0
329,77,Feminino,Intermediario,29,0,341.83,1
330,76,Masculino,Basico,21,0,170.33,0
331,53,Feminino,Basico,15,0,56.8,0
332,36,Masculino,Premium,52,0,484.26,1
333,43,Masculino,Intermediario,27,1,162.9,0
334,20,Feminino,Intermediario,50,0,354.21,1
335,36,Feminino,Premium,31,0,367.98,0
336,37,Masculino,Basico,15,0,324.5,0
337,49,Masculino,Basico,51,1,190.81,0
338,24,Feminino,Basico,23,1,171.99,0
339,69,Masculino,Basico,24,0,318.95,0
340,58,Feminino,Intermediario,44,1,439.74,0
341,50,Feminino,Intermediario,13,1,476.03,0
342,57,Feminino,Premium,22,1,97.66,0
343,56,Feminino,Premium,43,1,119.67,1
344,35,Masculino,Intermediario,37,1,475.13,0
345,57,Feminino,Intermediario,33,1,381.44,0
346,18,Masculino,Basico,56,1,447.35,0
347,28,Feminino,Basico,3,0,141.18,0
348,45,Masculino,Premium,54,0,314.41,0
349,74,Feminino,Intermediario,19,1,365.51,0
350,42,Masculino,Premium,23,0,356.05,0
351,67,Masculino,Intermediario,29,0,233.67,0
352,40,Feminino,Basico,30,1,56.93,0
353,48,Feminino,Premium,39,0,312.32,1
354,47,Feminino,Premium,44,1,163.9,0
355,59,Feminino,Intermediario,47,1,252.61,0
356,52,Masculino,Basico,25,1,480.91,0
357,24,Feminino,Premium,37,0,229.57,0
358,77,Masculino,Basico,47,0,427.91,1
359,33,Masculino,Premium,8,0,134.84,0
360,43,Feminino,Basico,42,0,352.61,0
361,65,Masculino,Intermediario,58,1,489.65,0
362,74,Masculino,Premium,16,1,95.85,0
363,69,Masculino,Premium,8,0,53.74,0
364,77,Masculino,Basico,1,1,245.11,0
365,66,Feminino,Basico,44,1,91.68,0
366,19,Feminino,Premium,5,0,386.77,0
367,18,Feminino,Intermediario,3,1,461.55,0
368,65,Feminino,Basico,1,0,245.31,0
369,79,Masculino,Basico,4,1,166.42,0
370,29,Masculino,Basico,40,0,245.48,0
371,22,Feminino,Premium,35,1,375.55,1
372,54,Feminino,Premium,32,1,54.07,0
373,49,Feminino,Premium,42,0,315.25,1
374,76,Masculino,Premium,34,0,325.98,0
375,72,Feminino,Intermediario,43,0,336.96,0
376,26,Feminino,Intermediario,25,0,158.91,0
377,58,Feminino,Premium,10,1,371.32,0
378,52,Masculino,Intermediario,21,1,91.13,0
379,36,Masculino,Basico,46,0,139.67,0
380,65,Masculino,Basico,39,1,444.86,0
381,33,Masculino,Basico,27,0,382.43,1
382,20,Masculino,Premium,27,0,56.19,0
383,37,Masculino,Basico,2,1,161.77,0
384,41,Masculino,Intermediario,41,1,146.48,0
385,71,Masculino,Premium,48,0,171.86,0
386,73,Feminino,Intermediario,13,0,161.4,0
387,50,Feminino,Basico,9,0,78.14,0
388,41,Masculino,Basico,52,1,256.52,1
389,69,Masculino,Basico,36,1,379.73,1
390,28,Feminino,Premium,22,1,323.03,0
391,66,Masculino,Intermediario,42,1,352.79,0
392,25,Masculino,Premium,26,0,86.52,1
393,53,Masculino,Premium,58,0,478.17,0
394,55,Feminino,Basico,54,0,427.32,0
395,57,Feminino,Premium,12,0,412.29,0
396,37,Feminino,Premium,17,0,420.34,0
397,79,Feminino,Basico,14,0,469.72,0
398,52,Feminino,Premium,14,1,294.91,0
399,65,Masculino,Basico,57,1,140.13,0
400,79,Feminino,Basico,34,0,327.55,0
401,42,Masculino,Basico,53,0,384.3,0
402,52,Masculino,Basico,57,1,382.06,0
403,42,Feminino,Premium,20,1,284.65,0
404,46,Feminino,Basico,11,1,80.81,0
405,35,Masculino,Basico,16,1,217.0,0
406,63,Masculino,Premium,51,0,464.34,0
407,35,Masculino,Premium,31,0,313.0,0
408,19,Feminino,Intermediario,55,0,292.25,1
409,71,Feminino,Premium,6,0,170.98,1
410,52,Feminino,Premium,56,0,215.8,0
411,33,Feminino,Intermediario,19,1,452.91,0
412,78,Feminino,Premium,37,0,349.91,0
413,58,Masculino,Premium,58,1,404.32,0
414,53,Feminino,Premium,4,0,254.46,1
415,50,Masculino,Premium,47,0,333.61,0
416,21,Masculino,Intermediario,4,0,161.77,0
417,50,Masculino,Premium,20,0,367.46,0
418,31,Feminino,Premium,10,0,242.42,0
419,38,Feminino,Intermediario,24,1,249.15,0
420,65,Feminino,Basico,54,1,342.2,0
421,37,Masculino,Intermediario,35,1,471.33,0
422,73,Masculino,Basico,26,0,78.8,1
423,25,Masculino,Intermediario,37,0,421.13,1
424,24,Masculino,Intermediario,38,1,181.57,0
425,20,Masculino,Premium,21,0,249.76,0
426,34,Masculino,Basico,54,0,59.86,0
427,50,Feminino,Premium,40,1,185.47,0
428,65,Feminino,Basico,39,0,276.18,0
429,29,Feminino,Intermediario,21,1,75.28,0
430,76,Feminino,Intermediario,10,0,270.99,0
431,68,Masculino,Basico,38,1,467.2,0
432,39,Masculino,Premium,46,0,97.43,0
433,72,Feminino,Premium,4,0,394.0,0
434,39,Masculino,Premium,57,1,234.35,0
435,63,Feminino,Premium,45,0,344.83,0
436,47,Feminino,Intermediario,20,0,167.11,1
437,55,Feminino,Intermediario,17,1,121.77,0
438,55,Masculino,Intermediario,55,0,122.21,0
439,62,Feminino,Intermediario,7,1,81.72,1
440,68,Feminino,Intermediario,4,0,133.54,1
441,71,Feminino,Premium,29,0,348.9,0
442,25,Masculino,Premium,14,0,446.76,1
443,44,Masculino,Premium,3,0,416.36,0
444,44,Feminino,Premium,24,1,358.31,0
445,51,Masculino,Intermediario,37,0,99.69,0
446,38,Masculino,Intermediario,16,1,180.13,0
447,47,Masculino,Intermediario,58,0,189.41,0
448,50,Masculino,Basico,55,0,162.48,0
449,45,Masculino,Premium,52,0,281.75,0
450,64,Masculino,Premium,4,0,291.0,0
451,50,Masculino,Intermediario,56,1,210.6,0
452,22,Masculino,Premium,24,1,209.21,0
453,77,Masculino,Premium,34,1,422.85,0
454,78,Masculino,Intermediario,30,1,405.18,0
455,65,Feminino,Basico,18,0,188.51,1
456,36,Feminino,Basico,19,1,461.2,1
457,21,Masculino,Basico,31,1,478.77,0
458,52,Feminino,Intermediario,19,0,197.03,0
459,66,Feminino,Premium,49,0,209.49,0
460,34,Masculino,Intermediario,46,0,277.54,0
461,61,Masculino,Intermediario,19,0,473.5,0
462,45,Masculino,Premium,22,1,444.34,0
463,47,Feminino,Basico,24,1,96.16,0
464,46,Feminino,Basico,45,0,226.73,0
465,63,Masculino,Intermediario,12,0,299.02,1
466,70,Masculino,Basico,30,0,276.41,0
467,23,Masculino,Intermediario,58,1,137.24,0
468,52,Feminino,Intermediario,38,1,436.47,1
469,77,Feminino,Premium,53,0,354.62,0
470,58,Feminino,Premium,31,0,427.06,0
471,54,Feminino,Premium,36,1,436.44,0
472,41,Masculino,Intermediario,19,0,386.76,0
473,46,Masculino,Premium,48,0,247.64,0
474,66,Masculino,Basico,45,1,324.75,0
475,63,Masculino,Basico,36,0,122.16,0
476,70,Feminino,Intermediario,30,1,353.14,0
477,48,Feminino,Intermediario,55,0,130.66,0
478,52,Masculino,Premium,49,0,362.28,0
479,77,Masculino,Intermediario,55,1,153.32,0
480,50,Feminino,Intermediario,33,1,102.9,1
481,69,Masculino,Basico,18,0,124.38,0
482,78,Feminino,Basico,52,1,50.9,0
483,38,Masculino,Premium,49,0,373.43,0
484,49,Masculino,Intermediario,59,0,379.58,0
485,40,Masculino,Intermediario,28,1,281.72,0
486,50,Masculino,Basico,59,0,122.61,0
487,20,Masculino,Intermediario,47,0,87.6,1
488,35,Masculino,Basico,11,1,58.61,1
489,42,Masculino,Premium,57,1,124.59,0
490,59,Feminino,Basico,54,0,450.88,0
491,48,Feminino,Intermediario,45,1,158.69,0
492,71,Feminino,Premium,33,1,209.42,0
493,75,Feminino,Basico,17,1,97.41,0
494,20,Feminino,Basico,6,1,150.06,0
495,57,Masculino,Premium,4,0,283.65,0
496,63,Masculino,Premium,20,0,323.49,0
497,41,Feminino,Basico,48,0,160.41,0
498,67,Masculino,Intermediario,47,1,75.98,1
499,49,Feminino,Basico,27,1,225.96,0
500,64,Feminino,Premium,15,1,155.39,0
501,39,Masculino,Basico,6,1,148.8,0
502,40,Masculino,Premium,47,1,481.94,1
503,19,Masculino,Premium,14,1,327.34,0
504,44,Feminino,Intermediario,11,1,300.6,0
505,59,Masculino,Premium,39,0,237.1,0
506,19,Feminino,Premium,9,0,243.02,0
507,43,Feminino,Intermediario,26,1,293.41,1
508,34,Feminino,Premium,16,1,363.39,0
509,57,Masculino,Intermediario,5,1,365.97,0
510,50,Masculino,Intermediario,57,0,127.26,1
511,26,Feminino,Premium,52,0,275.05,0
512,60,Masculino,Premium,10,1,235.38,0
513,71,Masculino,Basico,50,1,441.74,0
514,65,Masculino,Intermediario,3,0,334.14,1
515,56,Feminino,Basico,13,0,289.63,0
516,46,Feminino,Premium,43,0,101.93,0
517,59,Masculino,Basico,49,0,322.54,0
518,72,Feminino,Intermediario,30,1,102.74,0
519,43,Masculino,Basico,54,0,201.74,0
520,52,Masculino,Intermediario,45,0,114.28,0
521,67,Masculino,Premium,6,1,361.43,1
522,42,Masculino,Premium,17,0,142.81,0
523,41,Feminino,Intermediario,59,0,226.34,0
524,30,Feminino,Premium,45,0,453.05,0
525,77,Feminino,Premium,51,1,141.94,0
526,75,Masculino,Premium,53,0,278.51,1
527,24,Masculino,Premium,19,1,238.67,0
528,74,Masculino,Intermediario,42,1,58.16,0
529,53,Feminino,Basico,35,0,406.74,0
530,62,Masculino,Basico,46,0,81.07,0
531,37,Feminino,Premium,26,0,263.41,0
532,18,Feminino,Basico,51,0,302.31,0
533,25,Feminino,Basico,5,1,332.79,1
534,63,Feminino,Premium,29,0,359.88,1
535,33,Feminino,Premium,37,0,163.97,0
536,31,Feminino,Basico,20,0,54.49,1
537,29,Masculino,Intermediario,49,1,375.55,0
538,68,Masculino,Premium,21,0,291.05,0
539,40,Feminino,Intermediario,10,0,426.25,0
540,32,Feminino,Basico,5,1,419.62,0
541,45,Masculino,Premium,36,1,429.5,0
542,51,Feminino,Intermediario,6,0,268.29,0
543,19,Feminino,Premium,26,0,200.13,0
544,49,Masculino,Basico,4,0,406.2,0
545,40,Feminino,Intermediario,39,0,253.08,0
546,39,Feminino,Basico,39,0,132.55,0
547,68,Feminino,Basico,50,1,434.74,0
548,42,Masculino,Premium,35,1,447.15,0
549,75,Masculino,Intermediario,1,0,259.84,0
550,79,Masculino,Basico,24,0,84.06,0
551,78,Feminino,Basico,57,1,224.52,1
552,39,Feminino,Intermediario,36,0,411.59,0
553,75,Masculino,Basico,6,0,455.8,0
554,75,Feminino,Basico,41,0,141.56,1
555,39,Feminino,Intermediario,54,0,80.14,0
556,66,Feminino,Intermediario,46,0,444.81,0
557,69,Feminino,Intermediario,44,1,225.23,0
558,59,Feminino,Intermediario,57,0,293.79,1
559,23,Masculino,Premium,31,0,485.63,0
560,32,Feminino,Intermediario,20,0,79.95,0
561,71,Masculino,Premium,24,1,341.74,0
562,60,Feminino,Premium,25,1,83.35,0
563,77,Masculino,Premium,36,1,218.96,0
564,54,Feminino,Basico,21,1,411.72,0
565,50,Masculino,Premium,30,0,245.06,0
566,25,Feminino,Premium,24,1,498.73,1
567,70,Masculino,Basico,44,0,301.58,1
568,77,Feminino,Basico,42,0,194.52,0
569,61,Masculino,Basico,30,1,149.05,1
570,61,Feminino,Intermediario,22,1,207.73,0
571,22,Masculino,Basico,28,1,217.64,0
572,56,Masculino,Basico,7,1,80.92,0
573,21,Feminino,Premium,35,1,216.31,1
574,23,Feminino,Basico,55,0,258.91,1
575,62,Masculino,Intermediario,28,1,375.23,0
576,49,Feminino,Basico,14,1,345.53,1
577,69,Masculino,Intermediario,56,1,368.94,0
578,47,Masculino,Basico,10,0,53.76,1
579,64,Masculino,Basico,16,1,147.95,1
580,52,Feminino,Basico,16,0,347.76,0
581,72,Masculino,Basico,54,1,267.8,0
582,57,Masculino,Intermediario,31,1,52.39,0
583,69,Feminino,Intermediario,42,0,412.02,0
584,33,Feminino,Premium,25,1,397.76,0
585,30,Feminino,Intermediario,13,0,296.79,0
586,67,Feminino,Basico,6,0,79.91,1
587,77,Masculino,Premium,44,0,394.93,0
588,59,Masculino,Premium,9,1,312.67,0
589,47,Masculino,Premium,45,1,401.88,1
590,36,Masculino,Basico,36,1,388.29,1
591,34,Feminino,Intermediario,56,0,411.35,0
592,73,Masculino,Basico,43,1,283.1,1
593,36,Masculino,Premium,20,0,113.15,0
594,45,Feminino,Basico,18,1,352.02,1
595,75,Masculino,Basico,58,0,329.21,0
596,72,Masculino,Intermediario,43,0,384.01,0
597,43,Masculino,Intermediario,57,0,126.45,0
598,54,Masculino,Premium,21,1,137.74,0
599,43,Masculino,Basico,4,0,450.68,0
600,70,Masculino,Basico,50,0,387.49,0
601,79,Feminino,Intermediario,33,0,458.7,0
602,40,Feminino,Basico,27,0,391.42,1
603,26,Masculino,Basico,7,0,318.72,0
604,29,Masculino,Basico,6,0,344.36,0
605,70,Feminino,Intermediario,15,1,450.11,0
606,18,Masculino,Premium,18,1,310.46,0
607,75,Masculino,Premium,32,0,334.58,1
608,75,Masculino,Basico,56,1,120.41,1
609,18,Feminino,Premium,11,1,263.26,0
610,64,Masculino,Intermediario,20,0,372.38,0
611,51,Feminino,Intermediario,24,0,171.92,1
612,49,Masculino,Premium,15,0,141.01,0
613,79,Feminino,Premium,48,1,191.22,1
614,71,Feminino,Basico,7,0,158.68,0
615,65,Masculino,Premium,21,1,146.71,1
616,42,Feminino,Basico,42,0,241.18,0
617,57,Masculino,Basico,26,1,458.53,0
618,62,Feminino,Intermediario,44,0,278.18,1
619,70,Masculino,Intermediario,56,0,134.56,0
620,18,Masculino,Intermediario,14,1,84.64,0
621,33,Feminino,Intermediario,57,1,363.27,0
622,78,Masculino,Premium,37,1,222.26,0
623,56,Masculino,Intermediario,58,1,419.82,0
624,22,Feminino,Premium,21,1,346.78,0
625,39,Masculino,Intermediario,18,1,408.31,0
626,46,Masculino,Premium,5,0,172.38,0
627,72,Feminino,Basico,3,1,361.56,1
628,20,Feminino,Premium,23,0,168.83,0
629,29,Masculino,Premium,26,0,472.58,0
630,43,Masculino,Intermediario,37,1,336.37,0
631,33,Feminino,Premium,24,0,196.03,0
632,68,Feminino,Basico,49,1,171.28,0
633,54,Masculino,Basico,19,1,135.92,0
634,39,Feminino,Intermediario,51,0,362.59,0
635,74,Masculino,Basico,25,0,148.42,0
636,46,Masculino,Premium,21,1,317.89,0
637,31,Masculino,Basico,12,1,169.09,0
638,45,Masculino,Intermediario,57,0,347.89,0
639,22,Masculino,Premium,41,0,416.72,0
640,64,Feminino,Intermediario,33,0,400.11,0
641,66,Feminino,Premium,50,0,392.38,0
642,47,Feminino,Basico,53,1,134.48,1
643,63,Feminino,Intermediario,4,1,89.77,0
644,79,Masculino,Intermediario,42,1,364.53,0
645,69,Masculino,Premium,57,1,215.76,0
646,22,Masculino,Intermediario,7,0,244.56,0
647,29,Masculino,Premium,22,0,64.02,0
648,33,Feminino,Premium,55,1,166.81,0
649,43,Masculino,Premium,33,1,65.15,1
650,43,Masculino,Premium,17,1,445.63,0
651,65,Feminino,Basico,24,1,159.53,1
652,38,Feminino,Premium,34,1,300.8,0
653,56,Feminino,Intermediario,28,1,67.54,0
654,53,Feminino,Basico,58,1,350.08,0
655,50,Masculino,Intermediario,43,1,195.36,0
656,79,Masculino,Basico,41,1,454.06,0
657,47,Feminino,Premium,39,0,449.65,0
658,54,Masculino,Basico,22,1,196.38,0
659,40,Masculino,Basico,49,0,455.43,1
660,75,Masculino,Intermediario,17,0,498.27,1
661,27,Feminino,Intermediario,34,1,421.44,0
662,71,Masculino,Premium,6,1,430.19,0
663,22,Feminino,Basico,46,0,162.05,0
664,53,Masculino,Basico,6,0,309.52,0
665,51,Masculino,Basico,34,1,80.27,0
666,69,Masculino,Premium,1,0,92.71,0
667,48,Feminino,Premium,10,1,499.5,0
668,27,Masculino,Premium,21,1,196.99,0
669,75,Feminino,Premium,5,1,386.68,1
670,36,Feminino,Premium,2,0,413.0,0
671,75,Feminino,Intermediario,22,0,436.11,1
672,49,Masculino,Basico,48,1,498.93,0
673,18,Masculino,Basico,57,0,158.67,0
674,73,Masculino,Basico,2,0,68.16,0
675,22,Masculino,Basico,10,0,235.04,0
676,62,Feminino,Basico,34,0,108.54,0
677,21,Feminino,Basico,16,0,60.09,0
678,33,Feminino,Basico,48,0,212.19,0
679,41,Masculino,Basico,51,0,402.68,0
680,33,Feminino,Intermediario,39,1,304.78,0
681,72,Masculino,Basico,22,0,190.75,0
682,19,Feminino,Intermediario,12,0,344.45,0
683,66,Masculino,Premium,24,0,154.41,0
684,45,Masculino,Basico,47,0,56.47,0
685,49,Feminino,Premium,40,0,393.96,0
686,44,Feminino,Premium,38,0,330.68,1
687,37,Feminino,Premium,59,0,393.04,0
688,41,Feminino,Intermediario,10,0,67.52,0
689,29,Masculino,Premium,35,1,426.7,0
690,67,Feminino,Premium,51,0,328.79,0
691,52,Feminino,Premium,49,0,303.53,0
692,77,Feminino,Basico,32,0,331.08,0
693,50,Masculino,Basico,7,0,438.99,0
694,50,Masculino,Intermediario,21,1,314.12,1
695,78,Feminino,Intermediario,20,1,311.43,0
696,68,Masculino,Basico,26,1,495.81,0
697,60,Feminino,Intermediario,4,1,390.53,0
698,54,Masculino,Basico,46,1,249.03,1
699,29,Masculino,Premium,52,1,368.33,0
700,20,Masculino,Premium,22,1,225.15,0
701,18,Masculino,Intermediario,15,1,152.99,0
702,50,Feminino,Basico,56,1,318.58,1
703,57,Feminino,Basico,40,1,467.68,1
704,27,Feminino,Intermediario,21,1,468.11,0
705,60,Masculino,Basico,15,1,203.86,1
706,61,Feminino,Premium,22,1,287.45,1
707,46,Feminino,Intermediario,52,1,145.24,0
708,30,Feminino,Intermediario,28,1,498.03,0
709,29,Masculino,Basico,14,1,491.5,0
710,48,Masculino,Intermediario,27,0,342.28,1
711,63,Masculino,Basico,41,1,411.99,0
712,19,Feminino,Basico,40,0,371.8,1
713,78,Feminino,Basico,58,1,316.92,0
714,68,Feminino,Basico,28,1,74.01,0
715,67,Masculino,Basico,26,0,254.64,0
716,52,Masculino,Intermediario,49,1,353.65,0
717,40,Feminino,Premium,2,0,354.89,1
718,34,Masculino,Premium,25,0,217.91,1
719,43,Masculino,Intermediario,56,0,473.76,1
720,25,Masculino,Intermediario,3,1,125.31,0
721,46,Masculino,Premium,8,1,275.16,0
722,43,Feminino,Premium,44,1,360.9,0
723,27,Masculino,Premium,33,0,363.71,0
724,43,Masculino,Premium,42,0,341.89,0
725,79,Masculino,Premium,52,1,173.88,0
726,51,Masculino,Basico,35,1,120.29,0
727,68,Feminino,Intermediario,6,1,336.17,1
728,58,Feminino,Basico,39,1,319.69,0
729,24,Masculino,Premium,52,1,130.71,0
730,21,Masculino,Premium,23,0,367.31,0
731,75,Masculino,Premium,25,0,254.83,0
732,70,Masculino,Basico,59,0,350.49,0
733,67,Masculino,Basico,50,1,426.82,1
734,62,Masculino,Premium,43,0,126.38,1
735,28,Feminino,Basico,19,0,58.62,1
736,46,Masculino,Basico,5,0,400.6,1
737,73,Feminino,Premium,51,0,324.36,0
738,53,Feminino,Basico,11,0,364.84,0
739,42,Masculino,Intermediario,56,1,427.17,0
740,38,Feminino,Intermediario,12,0,411.26,0
741,78,Feminino,Intermediario,10,1,482.41,0
742,74,Feminino,Intermediario,8,1,291.17,0
743,53,Feminino,Premium,24,1,269.82,0
744,27,Feminino,Premium,28,1,230.85,0
745,54,Feminino,Premium,41,1,119.16,0
746,26,Masculino,Intermediario,36,0,307.67,0
747,41,Feminino,Intermediario,37,0,174.66,0
748,52,Feminino,Basico,21,1,464.59,0
749,66,Feminino,Basico,8,1,312.44,0
750,52,Masculino,Intermediario,55,1,316.78,0
751,65,Feminino,Intermediario,9,0,209.72,0
752,53,Masculino,Intermediario,47,1,73.4,0
753,35,Feminino,Intermediario,15,0,64.28,1
754,66,Masculino,Basico,48,1,240.5,0
755,56,Masculino,Intermediario,46,0,88.05,0
756,49,Feminino,Basico,40,1,323.08,0
757,41,Feminino,Intermediario,18,0,446.44,0
758,40,Masculino,Intermediario,42,1,447.31,1
759,79,Feminino,Intermediario,20,0,346.57,0
760,49,Masculino,Basico,6,0,145.05,0
761,54,Masculino,Basico,12,0,438.35,0
762,29,Masculino,Premium,2,0,448.74,0
763,66,Masculino,Intermediario,7,0,138.49,0
764,72,Masculino,Premium,16,0,381.84,0
765,30,Feminino,Premium,3,0,178.93,0
766,40,Masculino,Basico,45,1,411.19,0
767,42,Masculino,Basico,3,1,498.76,0
768,52,Feminino,Premium,27,1,63.51,0
769,58,Masculino,Intermediario,50,1,453.81,0
770,47,Feminino,Basico,43,1,330.18,0
771,34,Feminino,Intermediario,40,0,488.02,0
772,66,Feminino,Intermediario,38,0,259.25,0
773,79,Masculino,Premium,33,0,431.32,0
774,37,Masculino,Premium,28,0,78.08,1
775,65,Masculino,Premium,1,0,200.88,0
776,42,Feminino,Premium,55,1,80.16,0
777,39,Masculino,Basico,8,1,488.9,0
778,30,Feminino,Basico,37,1,417.64,0
779,76,Masculino,Premium,32,1,433.65,0
780,36,Feminino,Basico,48,0,472.08,0
781,66,Masculino,Premium,43,0,88.3,0
782,53,Masculino,Intermediario,37,0,223.52,1
783,29,Masculino,Intermediario,4,1,81.97,0
784,78,Feminino,Intermediario,30,0,144.86,0
785,58,Feminino,Premium,6,1,153.21,1
786,36,Masculino,Intermediario,46,0,261.1,0
787,29,Masculino,Basico,54,0,170.85,1
788,26,Feminino,Intermediario,19,1,95.44,0
789,24,Feminino,Intermediario,32,0,125.37,1
790,45,Feminino,Intermediario,9,0,116.27,0
791,31,Masculino,Basico,12,1,487.88,0
792,48,Feminino,Premium,11,0,391.68,1
793,69,Masculino,Basico,46,1,485.49,0
794,36,Feminino,Premium,55,0,247.88,0
795,75,Masculino,Premium,16,0,175.27,0
796,64,Feminino,Intermediario,1,0,409.23,0
797,33,Feminino,Premium,45,0,196.81,0
798,70,Feminino,Basico,55,0,184.72,0
799,22,Feminino,Basico,53,0,154.63,0
800,52,Feminino,Premium,21,0,108.36,0
801,29,Masculino,Intermediario,30,0,165.41,0
802,42,Feminino,Intermediario,13,1,209.89,0
803,69,Feminino,Basico,34,1,353.3,0
804,76,Feminino,Intermediario,4,0,78.15,0
805,38,Masculino,Premium,28,0,144.73,0
806,53,Feminino,Premium,38,1,414.06,0
807,70,Masculino,Basico,58,0,116.11,0
808,40,Feminino,Premium,31,0,204.19,0
809,33,Feminino,Basico,59,1,439.1,0
810,74,Masculino,Premium,55,0,119.72,1
811,56,Feminino,Basico,27,0,87.23,0
812,62,Masculino,Intermediario,5,1,268.04,0
813,70,Masculino,Premium,25,0,186.09,0
814,59,Feminino,Premium,3,0,303.53,1
815,75,Masculino,Basico,33,1,411.71,1
816,56,Feminino,Basico,4,0,111.72,0
817,31,Feminino,Premium,25,1,311.31,0
818,48,Masculino,Basico,20,0,277.48,1
819,75,Masculino,Premium,34,0,114.84,0
820,22,Masculino,Intermediario,26,1,330.8,0
821,52,Masculino,Basico,5,1,173.14,0
822,40,Feminino,Premium,35,0,269.53,0
823,46,Feminino,Intermediario,28,1,87.02,1
824,60,Masculino,Intermediario,29,1,256.81,1
825,28,Feminino,Premium,9,0,187.91,0
826,35,Feminino,Basico,52,0,420.07,0
827,64,Feminino,Premium,38,0,75.64,1
828,29,Feminino,Intermediario,50,1,238.37,0
829,26,Masculino,Premium,6,1,256.29,0
830,27,Masculino,Basico,19,1,376.25,1
831,75,Feminino,Intermediario,44,1,308.43,0
832,61,Masculino,Premium,57,0,350.25,0
833,34,Masculino,Basico,11,1,399.67,0
834,78,Masculino,Intermediario,2,0,437.99,1
835,55,Feminino,Basico,47,1,191.24,0
836,24,Feminino,Intermediario,44,0,292.11,0
837,63,Feminino,Premium,44,0,428.05,0
838,30,Masculino,Basico,9,0,495.25,1
839,57,Feminino,Intermediario,21,1,450.28,1
840,59,Feminino,Basico,24,0,217.16,0
841,26,Masculino,Basico,34,0,137.82,0
842,67,Feminino,Premium,22,1,270.23,0
843,44,Feminino,Basico,3,0,383.74,1
844,75,Masculino,Intermediario,12,1,271.66,0
845,19,Masculino,Intermediario,28,1,267.43,1
846,22,Masculino,Intermediario,30,0,427.2,0
847,46,Feminino,Intermediario,26,0,212.63,1
848,54,Feminino,Premium,48,1,436.91,1
849,55,Feminino,Basico,21,0,233.06,0
850,36,Masculino,Premium,28,1,197.7,1
851,25,Masculino,Basico,56,1,254.3,0
852,65,Feminino,Basico,26,1,393.1,0
853,62,Feminino,Basico,33,0,106.7,0
854,18,Masculino,Premium,21,1,138.39,0
855,39,Masculino,Basico,35,0,478.15,0
856,69,Masculino,Premium,52,0,128.97,0
857,34,Masculino,Intermediario,34,0,305.48,0
858,24,Feminino,Intermediario,41,0,310.69,0
859,42,Masculino,Basico,51,1,270.33,0
860,62,Feminino,Premium,47,0,340.14,0
861,21,Feminino,Intermediario,18,1,153.42,0
862,53,Feminino,Premium,58,1,298.7,0
863,23,Masculino,Premium,11,0,217.48,0
864,77,Masculino,Basico,57,1,347.75,0
865,48,Masculino,Intermediario,23,1,113.55,0
866,36,Masculino,Basico,48,0,306.89,1
867,78,Feminino,Basico,22,1,133.37,1
868,61,Masculino,Intermediario,17,1,175.39,0
869,71,Masculino,Intermediario,5,1,148.42,1
870,56,Feminino,Premium,44,1,132.28,1
871,44,Masculino,Intermediario,11,0,421.57,1
872,27,Feminino,Premium,30,1,178.57,0
873,43,Feminino,Premium,15,1,467.21,1
874,36,Feminino,Premium,27,1,486.47,0
875,56,Feminino,Intermediario,35,1,307.07,0
876,79,Feminino,Basico,33,0,114.35,0
877,20,Feminino,Premium,20,1,218.55,0
878,62,Feminino,Basico,16,0,408.98,0
879,30,Feminino,Basico,34,1,215.33,0
880,67,Masculino,Intermediario,2,0,89.16,0
881,45,Masculino,Basico,35,0,300.55,1
882,79,Masculino,Basico,40,0,430.3,1
883,75,Masculino,Intermediario,56,0,408.17,0
884,37,Feminino,Premium,28,0,128.81,1
885,45,Masculino,Basico,47,1,352.74,1
886,25,Feminino,Intermediario,39,1,149.23,1
887,78,Masculino,Basico,6,1,148.19,0
888,58,Masculino,Basico,9,0,443.33,0
889,56,Masculino,Premium,20,1,162.35,1
890,18,Feminino,Basico,1,0,168.46,0
891,20,Masculino,Intermediario,8,0,50.29,0
892,30,Feminino,Basico,55,1,441.8,0
893,45,Feminino,Premium,23,1,406.67,0
894,79,Masculino,Premium,3,0,332.3,0
895,74,Masculino,Intermediario,4,0,387.62,0
896,77,Masculino,Premium,58,1,118.42,0
897,66,Feminino,Basico,25,1,256.25,1
898,42,Masculino,Premium,47,1,208.05,1
899,73,Feminino,Intermediario,38,1,92.2,0
900,50,Feminino,Premium,15,0,268.76,1
901,55,Masculino,Premium,21,1,464.33,0
902,70,Masculino,Premium,35,1,68.03,0
903,23,Feminino,Intermediario,57,1,181.16,1
904,75,Feminino,Premium,53,0,143.39,1
905,61,Feminino,Premium,53,0,157.17,1
906,62,Masculino,Basico,46,0,458.8,0
907,49,Feminino,Intermediario,52,0,260.63,1
908,62,Masculino,Premium,14,1,259.83,0
909,78,Feminino,Intermediario,36,0,392.26,0
910,64,Feminino,Premium,12,1,119.52,0
911,38,Masculino,Premium,17,1,269.27,0
912,33,Feminino,Premium,39,1,243.49,0
913,71,Masculino,Basico,9,1,318.61,1
914,38,Masculino,Basico,35,0,499.8,0
915,28,Feminino,Basico,13,0,396.25,0
916,77,Masculino,Intermediario,15,0,229.04,0
917,54,Masculino,Intermediario,18,1,422.4,0
918,53,Feminino,Basico,51,1,126.82,1
919,52,Masculino,Intermediario,33,1,63.71,0
920,36,Masculino,Premium,6,1,142.0,0
921,37,Masculino,Premium,59,1,203.19,1
922,74,Feminino,Premium,27,0,279.76,0
923,35,Masculino,Basico,23,1,326.81,0
924,64,Feminino,Intermediario,59,0,459.77,0
925,58,Feminino,Basico,27,1,279.43,0
926,66,Masculino,Intermediario,34,1,275.57,0
927,31,Masculino,Premium,56,0,72.61,0
928,32,Masculino,Basico,46,0,65.71,1
929,48,Feminino,Intermediario,38,1,298.02,1
930,18,Masculino,Intermediario,14,1,247.18,0
931,70,Masculino,Premium,36,1,427.63,0
932,71,Masculino,Basico,53,1,122.31,1
933,71,Masculino,Basico,8,0,61.24,0
934,20,Masculino,Basico,35,1,252.07,0
935,33,Feminino,Premium,19,0,156.87,0
936,40,Feminino,Basico,30,1,72.33,1
937,74,Masculino,Premium,14,0,376.07,0
938,28,Masculino,Premium,59,0,100.22,0
939,29,Masculino,Premium,20,1,323.74,0
940,27,Masculino,Intermediario,49,0,176.47,1
941,49,Feminino,Basico,25,1,128.07,0
942,33,Masculino,Basico,40,0,220.89,1
943,25,Feminino,Premium,24,1,410.65,0
944,55,Feminino,Premium,14,0,226.44,0
945,29,Masculino,Basico,26,1,387.85,0
946,41,Feminino,Premium,38,1,106.47,0
947,45,Feminino,Basico,23,0,397.75,1
948,70,Feminino,Intermediario,22,0,156.62,0
949,25,Feminino,Premium,48,0,354.83,1
950,75,Masculino,Basico,57,0,304.6,0
951,45,Masculino,Premium,19,1,468.12,0
952,53,Feminino,Basico,46,0,224.3,0
953,43,Masculino,Basico,51,1,79.77,0
954,25,Masculino,Premium,3,0,58.62,1
955,75,Masculino,Intermediario,42,1,422.09,0
956,77,Masculino,Basico,19,1,286.13,0
957,67,Masculino,Basico,9,1,398.86,0
958,45,Feminino,Basico,28,1,155.49,0
959,45,Masculino,Intermediario,20,0,205.29,0
960,54,Masculino,Intermediario,45,0,63.55,1
961,58,Masculino,Premium,7,1,482.67,0
962,53,Masculino,Intermediario,14,0,350.54,0
963,44,Feminino,Premium,9,0,469.94,0
964,71,Feminino,Premium,59,1,169.47,1
965,34,Feminino,Intermediario,55,0,325.16,0
966,26,Feminino,Premium,57,0,355.32,0
967,50,Masculino,Intermediario,19,0,192.9,0
968,70,Feminino,Premium,47,1,431.65,0
969,37,Masculino,Intermediario,52,0,476.22,0
970,30,Masculino,Intermediario,14,1,448.18,0
971,45,Masculino,Premium,56,0,382.58,1
972,65,Masculino,Basico,38,0,174.86,0
973,46,Masculino,Premium,53,0,176.73,1
974,30,Feminino,Intermediario,36,1,483.51,0
975,63,Feminino,Basico,40,1,54.63,0
976,52,Feminino,Premium,17,0,372.22,0
977,78,Feminino,Premium,30,1,367.81,0
978,23,Masculino,Premium,9,0,330.21,1
979,35,Feminino,Basico,33,1,495.55,0
980,68,Masculino,Intermediario,56,1,190.35,0
981,22,Feminino,Premium,52,0,202.99,0
982,64,Masculino,Premium,25,0,85.52,1
983,42,Masculino,Premium,14,0,249.26,0
984,19,Feminino,Premium,11,0,167.47,1
985,27,Masculino,Premium,53,1,204.52,0
986,73,Masculino,Intermediario,35,1,425.56,0
987,47,Feminino,Intermediario,41,1,470.97,0
988,67,Masculino,Premium,59,0,133.58,0
989,76,Feminino,Basico,14,0,217.63,0
990,62,Feminino,Intermediario,30,1,467.88,0
991,22,Feminino,Basico,41,0,77.81,1
992,72,Masculino,Intermediario,4,1,91.56,1
993,73,Masculino,Premium,59,1,123.26,0
994,50,Masculino,Intermediario,4,1,317.85,0
995,71,Feminino,Premium,28,1,117.71,0
996,18,Masculino,Intermediario,8,1,485.63,0
997,35,Feminino,Premium,2,0,251.02,0
998,49,Feminino,Premium,41,0,275.68,1
999,64,Masculino,Premium,46,0,161.0,0
1000,66,Feminino,Premium,22,1,261.93,0
